{"dataset_size": 96005, " Number of features": 12, "_timestamp": 1721756501.7007062, "_runtime": 860.7942173480988, "_step": 0}